EmployeeID,Age,Gender,Department,JobRole,MonthlyIncome,JobSatisfaction,PerformanceRating,WorkLifeBalance,Overtime,YearsAtCompany,Attrition,MaritalStatus,TrainingHours,City
EMP0001,28.0,Male,Operations,Analyst,50098.0,2.0,2.0,1.0,Yes,18,No,Single,8,Chennai
EMP0002,34.0,Male,Marketing,Associate,21478.0,5.0,2.0,5.0,No,7,No,Divorced,40,Chennai
EMP0003,31.0,Female,IT,Analyst,38379.0,2.0,,1.0,Yes,12,Yes,Married,49,Delhi
EMP0004,37.0,Male,Operations,Engineer,88284.0,1.0,4.0,1.0,No,20,No,Divorced,29,Chennai
EMP0005,23.0,Male,IT,Manager,48512.0,1.0,4.0,3.0,No,20,No,Single,52,Hyderabad
EMP0006,34.0,Female,Operations,Lead,102939.0,1.0,5.0,2.0,Yes,5,No,Married,39,Delhi
EMP0007,35.0,Female,HR,Executive,22207.0,3.0,4.0,3.0,Yes,6,No,Single,68,Mumbai
EMP0008,50.0,Male,IT,Executive,50325.0,5.0,5.0,,No,18,No,Married,33,Bangalore
EMP0009,53.0,Female,HR,Manager,32371.0,2.0,2.0,4.0,Yes,12,No,Divorced,64,Delhi
EMP0010,37.0,Male,Operations,Lead,33014.0,5.0,3.0,3.0,Yes,9,No,Single,63,Chennai
EMP0011,37.0,Male,Marketing,Manager,99959.0,3.0,5.0,5.0,Yes,4,No,Single,74,Delhi
EMP0012,21.0,Female,Finance,Manager,32662.0,3.0,3.0,2.0,Yes,7,Yes,Single,67,Chennai
EMP0013,55.0,Male,Sales,Lead,80296.0,5.0,2.0,3.0,No,6,Yes,Divorced,44,Mumbai
EMP0014,44.0,Female,Marketing,Engineer,33860.0,2.0,2.0,1.0,No,0,Yes,Divorced,33,Chennai
EMP0015,25.0,Male,Sales,Manager,22117.0,3.0,1.0,5.0,Yes,8,No,Single,74,Bangalore
EMP0016,57.0,Female,Sales,Engineer,71354.0,2.0,1.0,1.0,No,11,No,Married,64,Chennai
EMP0017,27.0,Male,Finance,Lead,62473.0,,2.0,2.0,Yes,17,No,Single,59,Bangalore
EMP0018,38.0,Female,Sales,Manager,76082.0,5.0,,1.0,Yes,2,Yes,Single,57,Mumbai
EMP0019,51.0,Male,Finance,Manager,39579.0,4.0,1.0,4.0,No,14,No,Married,76,Mumbai
EMP0020,30.0,Male,IT,Executive,25665.0,5.0,5.0,1.0,No,1,Yes,Divorced,66,Delhi
EMP0021,54.0,Male,HR,Associate,28500.0,2.0,,5.0,Yes,7,No,Single,77,Bangalore
EMP0022,58.0,Male,Marketing,Manager,72948.0,5.0,5.0,5.0,No,8,Yes,Divorced,45,Bangalore
EMP0023,37.0,Female,Sales,Lead,102607.0,3.0,,3.0,Yes,0,No,Divorced,77,Chennai
EMP0024,25.0,Male,Marketing,Analyst,35361.0,3.0,1.0,2.0,No,9,Yes,Married,74,Hyderabad
EMP0025,54.0,Male,Operations,Associate,57240.0,1.0,2.0,3.0,Yes,3,Yes,Married,41,Delhi
EMP0026,34.0,Female,Sales,Lead,101130.0,3.0,5.0,4.0,No,1,Yes,Divorced,59,Hyderabad
EMP0027,23.0,Male,IT,Executive,101507.0,3.0,2.0,4.0,No,17,Yes,Single,14,Bangalore
EMP0028,55.0,Male,IT,Associate,90420.0,2.0,4.0,2.0,Yes,9,No,Single,50,Bangalore
EMP0029,36.0,Male,IT,Associate,71264.0,5.0,2.0,2.0,Yes,5,No,Single,27,Hyderabad
EMP0030,47.0,Male,IT,Executive,109917.0,1.0,4.0,1.0,No,7,Yes,Married,49,Hyderabad
EMP0031,35.0,Male,HR,Lead,43313.0,,3.0,3.0,Yes,8,No,Divorced,70,Mumbai
EMP0032,55.0,Female,HR,Manager,52237.0,2.0,5.0,3.0,Yes,3,No,Married,45,Mumbai
EMP0033,53.0,Male,Finance,Associate,42914.0,3.0,1.0,4.0,Yes,16,Yes,Married,60,Chennai
EMP0034,42.0,Female,Operations,Manager,112339.0,3.0,5.0,3.0,No,10,No,Divorced,42,Delhi
EMP0035,29.0,Male,Finance,Lead,67695.0,2.0,5.0,5.0,No,12,Yes,Married,41,Bangalore
EMP0036,48.0,Female,Finance,Engineer,75954.0,2.0,5.0,4.0,Yes,2,No,Divorced,47,Chennai
EMP0037,36.0,Female,Sales,Executive,37313.0,1.0,1.0,2.0,No,19,Yes,Married,58,Delhi
EMP0038,33.0,Female,Finance,Engineer,49979.0,2.0,1.0,1.0,No,7,Yes,Divorced,71,Mumbai
EMP0039,24.0,Male,HR,Engineer,35477.0,4.0,5.0,5.0,No,14,No,Divorced,62,Bangalore
EMP0040,51.0,Female,IT,Executive,101579.0,3.0,5.0,4.0,Yes,8,No,Single,41,Bangalore
EMP0041,38.0,Female,IT,Associate,28561.0,2.0,2.0,2.0,No,4,Yes,Single,58,Mumbai
EMP0042,42.0,Female,Finance,Manager,45110.0,4.0,4.0,5.0,Yes,18,No,Married,5,Hyderabad
EMP0043,40.0,Female,Finance,Associate,115978.0,5.0,5.0,2.0,No,7,No,Married,67,Chennai
EMP0044,45.0,Female,Operations,Lead,70994.0,2.0,4.0,2.0,Yes,12,Yes,Single,59,Bangalore
EMP0045,,Male,HR,Analyst,67689.0,3.0,2.0,4.0,No,10,No,Married,58,Hyderabad
EMP0046,26.0,Female,HR,Lead,88702.0,1.0,3.0,2.0,Yes,20,Yes,Single,36,Bangalore
EMP0047,22.0,Male,Sales,Executive,80070.0,1.0,5.0,2.0,No,8,No,Single,19,Bangalore
EMP0048,40.0,Male,Marketing,Manager,58888.0,5.0,4.0,4.0,Yes,2,Yes,Single,43,Delhi
EMP0049,28.0,Male,IT,Associate,74148.0,3.0,1.0,5.0,No,0,No,Married,18,Mumbai
EMP0050,44.0,Female,Operations,Executive,75080.0,2.0,5.0,3.0,No,14,No,Divorced,80,Hyderabad
EMP0051,41.0,Male,HR,Analyst,77087.0,2.0,,5.0,No,10,Yes,Married,46,Bangalore
EMP0052,52.0,Male,IT,Analyst,62608.0,3.0,5.0,3.0,Yes,16,Yes,Single,35,Mumbai
EMP0053,52.0,Male,Operations,Engineer,102659.0,4.0,4.0,1.0,Yes,9,Yes,Married,36,Hyderabad
EMP0054,58.0,Female,Finance,Associate,87588.0,3.0,4.0,5.0,No,11,No,Married,44,Hyderabad
EMP0055,35.0,Male,Operations,Executive,59359.0,1.0,5.0,2.0,Yes,6,No,Married,80,Delhi
EMP0056,39.0,Male,Sales,Analyst,47816.0,3.0,2.0,3.0,Yes,17,Yes,Married,10,Chennai
EMP0057,56.0,Female,Operations,Executive,101606.0,,1.0,1.0,No,15,No,Married,48,Bangalore
EMP0058,24.0,Female,Finance,Manager,26564.0,4.0,4.0,1.0,Yes,4,Yes,Divorced,43,Chennai
EMP0059,36.0,Male,Marketing,Engineer,97471.0,5.0,5.0,2.0,No,14,No,Married,80,Mumbai
EMP0060,40.0,Male,Marketing,Lead,31006.0,2.0,2.0,3.0,Yes,5,Yes,Single,75,Chennai
EMP0061,31.0,Male,Finance,Engineer,108357.0,5.0,4.0,3.0,Yes,7,No,Divorced,41,Mumbai
EMP0062,25.0,Male,IT,Lead,95304.0,2.0,4.0,1.0,Yes,20,Yes,Married,23,Chennai
EMP0063,24.0,Male,IT,Associate,116167.0,5.0,3.0,4.0,Yes,14,No,Divorced,56,Hyderabad
EMP0064,53.0,Female,Finance,Manager,96385.0,1.0,4.0,3.0,No,0,Yes,Single,78,Delhi
EMP0065,22.0,Female,Marketing,Manager,118022.0,2.0,4.0,5.0,No,8,Yes,Divorced,60,Mumbai
EMP0066,26.0,Female,IT,Engineer,61687.0,,1.0,2.0,No,13,No,Married,56,Delhi
EMP0067,23.0,Female,HR,Analyst,51082.0,3.0,1.0,4.0,Yes,17,No,Married,11,Bangalore
EMP0068,54.0,Female,Marketing,Engineer,99973.0,4.0,1.0,2.0,No,17,Yes,Married,61,Mumbai
EMP0069,28.0,Male,Operations,Associate,49365.0,2.0,3.0,5.0,Yes,17,No,Single,33,Chennai
EMP0070,50.0,Male,Operations,Executive,,,5.0,3.0,No,15,No,Single,63,Delhi
EMP0071,30.0,Female,Sales,Associate,84616.0,2.0,1.0,3.0,No,10,No,Single,41,Hyderabad
EMP0072,58.0,Female,Sales,Engineer,88592.0,4.0,3.0,3.0,No,14,No,Single,35,Delhi
EMP0073,45.0,Male,Finance,Manager,59704.0,4.0,4.0,4.0,Yes,15,Yes,Single,69,Delhi
EMP0074,42.0,Male,Finance,Manager,86937.0,4.0,1.0,2.0,No,20,Yes,Single,65,Hyderabad
EMP0075,42.0,Female,Operations,Manager,,5.0,4.0,3.0,No,17,Yes,Divorced,13,Bangalore
EMP0076,39.0,Male,Operations,Manager,74881.0,1.0,1.0,4.0,Yes,9,Yes,Single,46,Chennai
EMP0077,39.0,Female,IT,Engineer,37080.0,2.0,5.0,,Yes,5,Yes,Single,53,Delhi
EMP0078,36.0,Female,Marketing,Executive,48433.0,4.0,3.0,4.0,No,0,No,Married,74,Bangalore
EMP0079,25.0,Female,IT,Associate,57210.0,4.0,3.0,4.0,No,6,No,Married,18,Bangalore
EMP0080,45.0,Female,Marketing,Analyst,109655.0,3.0,1.0,4.0,No,0,Yes,Divorced,68,Hyderabad
EMP0081,35.0,Female,Sales,Lead,42920.0,,3.0,2.0,Yes,20,Yes,Married,61,Chennai
EMP0082,58.0,Female,Operations,Executive,29813.0,3.0,3.0,4.0,Yes,6,Yes,Divorced,51,Delhi
EMP0083,53.0,Female,Sales,Analyst,81156.0,3.0,3.0,1.0,No,2,Yes,Single,55,Delhi
EMP0084,44.0,Male,Finance,Manager,52663.0,5.0,1.0,4.0,No,8,No,Divorced,52,Chennai
EMP0085,35.0,Female,HR,Associate,91584.0,3.0,5.0,2.0,Yes,20,No,Divorced,43,Mumbai
EMP0086,28.0,Male,HR,Manager,57893.0,4.0,1.0,1.0,Yes,17,Yes,Married,63,Hyderabad
EMP0087,55.0,Female,Marketing,Lead,113236.0,2.0,4.0,1.0,No,19,No,Married,9,Hyderabad
EMP0088,,Female,Finance,Executive,65537.0,,3.0,5.0,No,1,No,Married,29,Chennai
EMP0089,50.0,Male,Operations,Executive,102109.0,5.0,1.0,1.0,No,7,Yes,Divorced,31,Chennai
EMP0090,56.0,Male,Marketing,Executive,48539.0,3.0,2.0,5.0,Yes,8,Yes,Single,74,Hyderabad
EMP0091,32.0,Male,Operations,Manager,35275.0,1.0,3.0,2.0,No,0,Yes,Married,11,Bangalore
EMP0092,47.0,Male,Operations,Manager,,4.0,3.0,5.0,Yes,14,Yes,Divorced,10,Delhi
EMP0093,40.0,Female,Operations,Manager,25972.0,4.0,4.0,4.0,Yes,15,No,Single,15,Hyderabad
EMP0094,30.0,Male,Sales,Analyst,99830.0,5.0,5.0,3.0,No,19,No,Married,69,Delhi
EMP0095,48.0,Male,Operations,Manager,103814.0,5.0,2.0,4.0,No,7,No,Married,63,Mumbai
EMP0096,47.0,Male,IT,Engineer,58963.0,3.0,3.0,2.0,No,2,Yes,Single,16,Mumbai
EMP0097,27.0,Female,Sales,Associate,25861.0,5.0,5.0,5.0,No,3,No,Married,59,Chennai
EMP0098,39.0,Female,IT,Manager,93748.0,5.0,2.0,2.0,No,7,Yes,Married,76,Hyderabad
EMP0099,28.0,Female,Marketing,Executive,74244.0,5.0,5.0,5.0,Yes,19,No,Single,28,Hyderabad
EMP0100,40.0,Female,IT,Manager,,2.0,5.0,4.0,Yes,4,Yes,Single,72,Bangalore
EMP0101,45.0,Female,Finance,Analyst,38631.0,3.0,3.0,3.0,Yes,1,Yes,Single,11,Chennai
EMP0102,38.0,Female,Operations,Engineer,81656.0,5.0,4.0,4.0,No,6,Yes,Married,60,Chennai
EMP0103,39.0,Female,Marketing,Lead,58425.0,1.0,2.0,4.0,Yes,0,Yes,Married,32,Bangalore
EMP0104,37.0,Female,IT,Manager,,4.0,4.0,2.0,Yes,12,Yes,Divorced,76,Hyderabad
EMP0105,25.0,Female,Operations,Manager,75176.0,1.0,4.0,1.0,No,18,No,Divorced,56,Mumbai
EMP0106,39.0,Male,Finance,Manager,60568.0,2.0,5.0,4.0,No,2,No,Single,36,Mumbai
EMP0107,58.0,Female,Marketing,Manager,69873.0,3.0,3.0,2.0,No,5,Yes,Divorced,19,Delhi
EMP0108,53.0,Male,IT,Analyst,113339.0,2.0,2.0,1.0,Yes,8,Yes,Single,24,Chennai
EMP0109,32.0,Female,Finance,Associate,117598.0,5.0,4.0,5.0,No,20,No,Single,61,Chennai
EMP0110,51.0,Female,Operations,Analyst,54002.0,5.0,1.0,3.0,Yes,9,No,Married,9,Chennai
EMP0111,,Female,HR,Lead,,5.0,5.0,5.0,No,14,Yes,Married,78,Bangalore
EMP0112,41.0,Female,Marketing,Executive,26109.0,4.0,1.0,3.0,Yes,16,Yes,Single,36,Mumbai
EMP0113,49.0,Male,IT,Analyst,55079.0,,4.0,3.0,Yes,20,No,Single,47,Chennai
EMP0114,56.0,Female,IT,Analyst,112861.0,5.0,2.0,,Yes,18,Yes,Married,44,Mumbai
EMP0115,29.0,Male,IT,Associate,67372.0,3.0,2.0,5.0,Yes,20,No,Divorced,51,Chennai
EMP0116,44.0,Female,Sales,Executive,62791.0,4.0,2.0,2.0,Yes,4,Yes,Married,17,Delhi
EMP0117,55.0,Male,Operations,Analyst,118441.0,5.0,2.0,5.0,No,4,Yes,Single,26,Mumbai
EMP0118,,Female,IT,Lead,112317.0,2.0,4.0,5.0,No,14,Yes,Divorced,35,Hyderabad
EMP0119,51.0,Male,IT,Lead,92766.0,4.0,4.0,3.0,No,16,No,Single,30,Delhi
EMP0120,29.0,Female,HR,Lead,80991.0,3.0,5.0,1.0,Yes,9,Yes,Single,39,Mumbai
EMP0121,53.0,Male,Finance,Manager,47102.0,4.0,3.0,1.0,No,1,No,Divorced,52,Bangalore
EMP0122,45.0,Male,IT,Executive,21694.0,3.0,1.0,3.0,Yes,4,Yes,Married,65,Bangalore
EMP0123,51.0,Female,Marketing,Manager,28384.0,1.0,3.0,2.0,Yes,17,No,Single,41,Bangalore
EMP0124,40.0,Male,HR,Executive,73027.0,5.0,4.0,1.0,Yes,15,Yes,Divorced,70,Delhi
EMP0125,36.0,Male,IT,Engineer,18205.0,5.0,3.0,2.0,No,5,Yes,Divorced,51,Chennai
EMP0126,54.0,Male,Finance,Engineer,23706.0,4.0,3.0,3.0,Yes,11,Yes,Married,35,Chennai
EMP0127,58.0,Female,Sales,Manager,64176.0,5.0,3.0,,No,15,Yes,Single,13,Mumbai
EMP0128,23.0,Female,Sales,Manager,44144.0,1.0,3.0,3.0,No,17,No,Married,9,Bangalore
EMP0129,39.0,Female,HR,Lead,61506.0,3.0,1.0,3.0,No,12,No,Married,48,Bangalore
EMP0130,52.0,Female,IT,Associate,52959.0,1.0,4.0,1.0,No,19,Yes,Divorced,42,Hyderabad
EMP0131,27.0,Male,IT,Lead,56750.0,3.0,4.0,5.0,No,5,No,Married,62,Chennai
EMP0132,43.0,Female,IT,Lead,25518.0,1.0,4.0,3.0,Yes,0,Yes,Divorced,61,Chennai
EMP0133,29.0,Male,Sales,Lead,66015.0,3.0,4.0,5.0,Yes,19,Yes,Divorced,62,Hyderabad
EMP0134,44.0,Female,HR,Associate,36047.0,5.0,3.0,4.0,No,20,No,Single,19,Chennai
EMP0135,32.0,Female,Marketing,Engineer,91619.0,1.0,3.0,3.0,No,6,No,Divorced,67,Bangalore
EMP0136,28.0,Male,HR,Engineer,40630.0,4.0,1.0,3.0,No,2,No,Married,25,Bangalore
EMP0137,44.0,Male,HR,Executive,36202.0,2.0,4.0,1.0,No,17,No,Married,75,Bangalore
EMP0138,26.0,Male,IT,Engineer,111969.0,4.0,5.0,4.0,No,18,Yes,Single,45,Chennai
EMP0139,49.0,Female,Operations,Associate,,2.0,5.0,5.0,Yes,4,No,Divorced,12,Chennai
EMP0140,54.0,Male,IT,Executive,39229.0,3.0,2.0,3.0,No,2,No,Single,75,Hyderabad
EMP0141,29.0,Female,Marketing,Associate,30245.0,5.0,2.0,5.0,Yes,5,No,Divorced,10,Chennai
EMP0142,26.0,Male,Operations,Associate,52688.0,2.0,5.0,4.0,Yes,15,No,Divorced,43,Mumbai
EMP0143,36.0,Female,IT,Engineer,27564.0,1.0,2.0,,No,15,No,Single,48,Delhi
EMP0144,30.0,Female,Operations,Analyst,114233.0,,4.0,2.0,No,16,Yes,Married,35,Mumbai
EMP0145,28.0,Female,Finance,Executive,36465.0,1.0,1.0,3.0,No,19,No,Single,25,Hyderabad
EMP0146,57.0,Female,Sales,Executive,83308.0,5.0,4.0,4.0,No,15,Yes,Single,55,Delhi
EMP0147,50.0,Male,Sales,Associate,64254.0,1.0,1.0,3.0,No,19,No,Married,73,Chennai
EMP0148,27.0,Female,Sales,Analyst,113355.0,3.0,4.0,3.0,Yes,12,Yes,Divorced,76,Bangalore
EMP0149,44.0,Female,HR,Engineer,84093.0,4.0,5.0,3.0,Yes,4,Yes,Married,52,Hyderabad
EMP0150,56.0,Female,Sales,Executive,96966.0,5.0,4.0,5.0,Yes,1,Yes,Single,47,Mumbai
EMP0151,54.0,Female,Sales,Associate,85568.0,2.0,3.0,5.0,No,5,No,Divorced,43,Delhi
EMP0152,42.0,Female,Operations,Associate,57294.0,,1.0,3.0,No,3,No,Divorced,44,Chennai
EMP0153,51.0,Female,Operations,Associate,93711.0,2.0,1.0,5.0,No,5,No,Single,36,Chennai
EMP0154,57.0,Male,Sales,Manager,75807.0,3.0,4.0,2.0,No,6,No,Divorced,65,Chennai
EMP0155,29.0,Male,Marketing,Analyst,104799.0,4.0,5.0,4.0,No,5,No,Divorced,48,Delhi
EMP0156,43.0,Female,Marketing,Engineer,43200.0,2.0,3.0,5.0,No,7,No,Married,31,Mumbai
EMP0157,41.0,Female,IT,Associate,112589.0,3.0,3.0,1.0,No,12,No,Single,42,Chennai
EMP0158,39.0,Male,IT,Engineer,103979.0,3.0,4.0,2.0,Yes,17,No,Divorced,39,Bangalore
EMP0159,27.0,Male,Sales,Manager,105796.0,5.0,2.0,2.0,Yes,3,No,Married,65,Chennai
EMP0160,29.0,Male,Marketing,Executive,71334.0,4.0,4.0,2.0,No,10,No,Divorced,12,Chennai
EMP0161,57.0,Male,Marketing,Lead,112780.0,1.0,2.0,4.0,Yes,1,No,Married,28,Hyderabad
EMP0162,23.0,Male,IT,Associate,97007.0,1.0,3.0,3.0,No,20,No,Single,69,Mumbai
EMP0163,38.0,Male,HR,Analyst,39298.0,4.0,3.0,2.0,Yes,10,No,Divorced,29,Bangalore
EMP0164,46.0,Female,Marketing,Analyst,29368.0,4.0,1.0,2.0,Yes,15,No,Single,5,Hyderabad
EMP0165,45.0,Male,Finance,Analyst,61204.0,3.0,5.0,5.0,Yes,8,No,Divorced,35,Chennai
EMP0166,28.0,Female,IT,Executive,71138.0,5.0,3.0,1.0,No,11,Yes,Single,22,Mumbai
EMP0167,30.0,Female,Operations,Associate,66971.0,4.0,5.0,4.0,Yes,7,Yes,Divorced,62,Delhi
EMP0168,44.0,Male,Marketing,Manager,26094.0,5.0,5.0,,Yes,5,No,Divorced,61,Chennai
EMP0169,34.0,Female,HR,Associate,76390.0,1.0,4.0,2.0,No,14,Yes,Divorced,64,Hyderabad
EMP0170,22.0,Female,IT,Manager,115754.0,2.0,5.0,1.0,Yes,13,No,Divorced,13,Delhi
EMP0171,24.0,Male,Finance,Manager,55629.0,4.0,2.0,2.0,No,11,No,Married,53,Mumbai
EMP0172,26.0,Male,Operations,Analyst,,2.0,5.0,4.0,Yes,7,Yes,Single,43,Mumbai
EMP0173,55.0,Female,Marketing,Engineer,48102.0,2.0,4.0,3.0,Yes,8,Yes,Divorced,19,Chennai
EMP0174,47.0,Male,Sales,Executive,26819.0,1.0,5.0,1.0,No,19,Yes,Single,10,Mumbai
EMP0175,49.0,Male,Marketing,Executive,116878.0,1.0,2.0,5.0,No,7,No,Divorced,46,Bangalore
EMP0176,40.0,Male,Operations,Associate,46972.0,,3.0,3.0,Yes,17,Yes,Divorced,59,Delhi
EMP0177,52.0,Male,IT,Lead,105994.0,4.0,5.0,3.0,No,13,Yes,Married,53,Bangalore
EMP0178,55.0,Female,Sales,Executive,57418.0,2.0,4.0,1.0,No,13,Yes,Married,36,Hyderabad
EMP0179,34.0,Female,Operations,Manager,76954.0,3.0,1.0,5.0,Yes,1,No,Married,10,Chennai
EMP0180,33.0,Male,Finance,Executive,61642.0,3.0,1.0,2.0,Yes,3,No,Single,31,Mumbai
EMP0181,36.0,Female,IT,Engineer,79112.0,5.0,3.0,3.0,No,11,No,Married,17,Mumbai
EMP0182,41.0,Male,IT,Analyst,72254.0,1.0,5.0,2.0,Yes,0,No,Divorced,79,Delhi
EMP0183,47.0,Female,Sales,Executive,61236.0,2.0,4.0,5.0,Yes,15,No,Married,67,Mumbai
EMP0184,50.0,Male,Operations,Analyst,,2.0,5.0,4.0,Yes,17,Yes,Divorced,9,Chennai
EMP0185,24.0,Male,Finance,Executive,100667.0,2.0,1.0,2.0,Yes,6,No,Married,12,Delhi
EMP0186,51.0,Female,HR,Manager,87758.0,5.0,4.0,1.0,Yes,16,No,Divorced,41,Chennai
EMP0187,53.0,Female,Sales,Manager,30624.0,5.0,2.0,2.0,Yes,19,No,Married,39,Mumbai
EMP0188,26.0,Female,Finance,Engineer,92055.0,2.0,2.0,3.0,Yes,20,Yes,Single,56,Mumbai
EMP0189,45.0,Female,HR,Lead,19238.0,2.0,1.0,4.0,No,20,No,Divorced,17,Delhi
EMP0190,23.0,Male,Sales,Lead,92289.0,4.0,3.0,1.0,Yes,8,Yes,Single,45,Chennai
EMP0191,34.0,Male,Operations,Engineer,28084.0,3.0,2.0,5.0,Yes,18,No,Divorced,74,Hyderabad
EMP0192,45.0,Male,Operations,Lead,,5.0,3.0,1.0,Yes,13,Yes,Single,48,Delhi
EMP0193,46.0,Female,HR,Lead,53825.0,4.0,4.0,2.0,No,17,No,Married,28,Delhi
EMP0194,45.0,Male,Marketing,Analyst,50302.0,1.0,1.0,3.0,Yes,12,Yes,Divorced,54,Hyderabad
EMP0195,44.0,Male,HR,Manager,58405.0,4.0,3.0,3.0,Yes,4,Yes,Single,60,Mumbai
EMP0196,56.0,Female,HR,Manager,29746.0,3.0,5.0,1.0,No,12,Yes,Married,57,Mumbai
EMP0197,26.0,Male,Marketing,Associate,40227.0,4.0,2.0,2.0,No,9,No,Married,23,Chennai
EMP0198,31.0,Female,IT,Engineer,57289.0,4.0,1.0,3.0,No,7,No,Divorced,30,Mumbai
EMP0199,27.0,Male,IT,Manager,,3.0,5.0,4.0,No,14,No,Married,22,Hyderabad
EMP0200,41.0,Male,Finance,Analyst,41283.0,4.0,3.0,3.0,No,18,Yes,Married,53,Hyderabad
EMP0201,46.0,Female,HR,Associate,44188.0,5.0,5.0,2.0,Yes,14,Yes,Married,42,Chennai
EMP0202,47.0,Female,Sales,Lead,57692.0,2.0,,2.0,No,12,Yes,Married,66,Delhi
EMP0203,46.0,Female,Marketing,Manager,65124.0,5.0,5.0,1.0,Yes,7,No,Single,10,Delhi
EMP0204,46.0,Female,Finance,Manager,19382.0,1.0,3.0,2.0,Yes,14,No,Married,64,Delhi
EMP0205,53.0,Male,IT,Manager,81277.0,1.0,3.0,4.0,Yes,3,Yes,Married,44,Hyderabad
EMP0206,50.0,Male,Marketing,Engineer,63652.0,4.0,1.0,4.0,No,10,Yes,Married,10,Chennai
EMP0207,22.0,Female,Operations,Manager,106754.0,2.0,2.0,5.0,Yes,17,Yes,Married,76,Mumbai
EMP0208,50.0,Male,Finance,Lead,42176.0,2.0,4.0,4.0,Yes,19,Yes,Married,80,Mumbai
EMP0209,45.0,Male,Operations,Executive,44972.0,3.0,1.0,5.0,Yes,17,Yes,Married,46,Bangalore
EMP0210,50.0,Male,IT,Lead,82157.0,5.0,3.0,5.0,No,19,No,Divorced,19,Hyderabad
EMP0211,,Female,Marketing,Executive,106288.0,3.0,5.0,5.0,Yes,4,No,Single,35,Hyderabad
EMP0212,28.0,Male,IT,Lead,36528.0,5.0,4.0,4.0,Yes,18,No,Married,28,Mumbai
EMP0213,55.0,Male,Marketing,Executive,82178.0,3.0,2.0,2.0,No,14,Yes,Married,6,Mumbai
EMP0214,29.0,Male,Finance,Associate,84248.0,4.0,,4.0,No,14,No,Single,15,Delhi
EMP0215,22.0,Male,IT,Manager,54025.0,,5.0,3.0,Yes,14,No,Divorced,70,Chennai
EMP0216,57.0,Male,IT,Associate,66085.0,5.0,1.0,4.0,Yes,13,Yes,Divorced,36,Hyderabad
EMP0217,23.0,Female,IT,Analyst,29401.0,4.0,1.0,2.0,Yes,18,No,Divorced,59,Bangalore
EMP0218,29.0,Male,Sales,Manager,92720.0,3.0,,3.0,Yes,10,No,Married,78,Hyderabad
EMP0219,53.0,Male,Sales,Engineer,25770.0,3.0,2.0,2.0,Yes,4,No,Single,55,Mumbai
EMP0220,30.0,Female,Operations,Engineer,67174.0,4.0,1.0,,No,16,No,Divorced,52,Mumbai
EMP0221,52.0,Female,Marketing,Manager,119467.0,1.0,4.0,3.0,Yes,17,No,Single,59,Bangalore
EMP0222,52.0,Female,IT,Analyst,62270.0,5.0,5.0,2.0,No,10,Yes,Single,17,Mumbai
EMP0223,22.0,Male,Sales,Engineer,77836.0,1.0,4.0,,Yes,20,No,Single,40,Chennai
EMP0224,44.0,Female,HR,Analyst,,2.0,1.0,4.0,No,7,No,Divorced,16,Chennai
EMP0225,21.0,Male,Finance,Manager,35393.0,5.0,2.0,5.0,No,0,Yes,Divorced,48,Chennai
EMP0226,48.0,Male,Finance,Manager,48008.0,4.0,1.0,1.0,Yes,10,No,Married,22,Mumbai
EMP0227,29.0,Male,HR,Associate,91831.0,1.0,5.0,2.0,No,11,Yes,Divorced,24,Mumbai
EMP0228,49.0,Male,HR,Manager,36351.0,1.0,5.0,4.0,No,13,No,Single,36,Hyderabad
EMP0229,26.0,Male,Marketing,Associate,96644.0,5.0,3.0,1.0,No,6,Yes,Divorced,55,Hyderabad
EMP0230,24.0,Male,Finance,Engineer,32777.0,2.0,4.0,5.0,Yes,16,Yes,Married,45,Bangalore
EMP0231,45.0,Female,IT,Associate,107514.0,2.0,4.0,1.0,Yes,18,Yes,Single,38,Bangalore
EMP0232,23.0,Male,Finance,Associate,55550.0,5.0,4.0,4.0,No,2,Yes,Married,15,Hyderabad
EMP0233,26.0,Male,Sales,Associate,,4.0,5.0,1.0,No,13,Yes,Single,36,Chennai
EMP0234,48.0,Male,Finance,Associate,97800.0,1.0,3.0,2.0,Yes,0,Yes,Divorced,6,Bangalore
EMP0235,52.0,Female,Marketing,Associate,,,2.0,3.0,Yes,8,Yes,Single,47,Mumbai
EMP0236,38.0,Male,IT,Lead,93582.0,1.0,4.0,4.0,No,1,No,Divorced,26,Hyderabad
EMP0237,31.0,Female,HR,Associate,106358.0,1.0,2.0,,Yes,1,Yes,Single,10,Mumbai
EMP0238,44.0,Female,Sales,Executive,22635.0,5.0,4.0,2.0,No,7,No,Divorced,45,Hyderabad
EMP0239,25.0,Female,HR,Associate,106254.0,,2.0,2.0,Yes,12,Yes,Married,41,Hyderabad
EMP0240,41.0,Male,Marketing,Engineer,19044.0,3.0,2.0,3.0,No,19,Yes,Married,52,Delhi
EMP0241,52.0,Male,Operations,Associate,117677.0,2.0,,1.0,No,0,Yes,Divorced,49,Chennai
EMP0242,42.0,Male,Operations,Engineer,114741.0,3.0,1.0,2.0,Yes,13,No,Single,23,Hyderabad
EMP0243,26.0,Male,Sales,Associate,72140.0,3.0,4.0,,Yes,16,Yes,Divorced,55,Chennai
EMP0244,58.0,Male,Finance,Lead,35132.0,2.0,3.0,3.0,No,12,No,Married,62,Hyderabad
EMP0245,35.0,Male,Sales,Executive,118944.0,5.0,1.0,2.0,Yes,5,No,Married,45,Mumbai
EMP0246,28.0,Female,Sales,Engineer,58410.0,4.0,,1.0,Yes,5,No,Divorced,10,Bangalore
EMP0247,41.0,Male,HR,Lead,50534.0,3.0,4.0,5.0,Yes,9,No,Single,8,Mumbai
EMP0248,49.0,Male,HR,Engineer,31357.0,2.0,1.0,1.0,Yes,7,Yes,Single,56,Hyderabad
EMP0249,26.0,Female,HR,Manager,26450.0,2.0,4.0,2.0,Yes,10,Yes,Single,64,Chennai
EMP0250,31.0,Female,Operations,Engineer,83028.0,1.0,4.0,4.0,Yes,11,Yes,Single,40,Hyderabad
EMP0251,,Male,HR,Associate,99156.0,5.0,2.0,3.0,No,13,No,Single,16,Hyderabad
EMP0252,45.0,Male,Finance,Executive,102233.0,5.0,2.0,5.0,Yes,12,No,Married,74,Mumbai
EMP0253,43.0,Female,Finance,Analyst,41568.0,1.0,3.0,5.0,Yes,0,No,Single,65,Delhi
EMP0254,43.0,Male,Sales,Manager,50487.0,2.0,3.0,5.0,Yes,7,No,Married,27,Bangalore
EMP0255,36.0,Female,Operations,Lead,65026.0,5.0,1.0,3.0,Yes,18,Yes,Married,74,Hyderabad
EMP0256,32.0,Female,HR,Manager,25362.0,2.0,5.0,2.0,Yes,16,No,Single,47,Delhi
EMP0257,33.0,Male,IT,Lead,41260.0,3.0,1.0,1.0,Yes,18,Yes,Single,72,Hyderabad
EMP0258,25.0,Female,Operations,Lead,69851.0,5.0,1.0,3.0,No,10,Yes,Single,60,Mumbai
EMP0259,41.0,Male,Operations,Associate,108906.0,5.0,,2.0,Yes,12,No,Divorced,42,Bangalore
EMP0260,32.0,Male,Operations,Associate,69327.0,5.0,1.0,2.0,No,19,Yes,Divorced,77,Chennai
EMP0261,52.0,Male,IT,Lead,28198.0,2.0,3.0,3.0,Yes,20,Yes,Divorced,47,Mumbai
EMP0262,21.0,Female,Sales,Executive,108855.0,1.0,3.0,3.0,Yes,0,Yes,Married,61,Mumbai
EMP0263,31.0,Female,Finance,Engineer,64036.0,5.0,4.0,1.0,No,18,Yes,Single,62,Chennai
EMP0264,23.0,Female,HR,Analyst,52226.0,1.0,1.0,3.0,Yes,12,Yes,Divorced,14,Delhi
EMP0265,26.0,Female,Marketing,Associate,81273.0,1.0,4.0,2.0,No,5,Yes,Single,47,Bangalore
EMP0266,33.0,Female,Operations,Associate,112638.0,5.0,3.0,3.0,No,7,Yes,Single,55,Delhi
EMP0267,56.0,Female,Sales,Manager,65294.0,1.0,4.0,1.0,No,20,No,Single,17,Chennai
EMP0268,,Male,Operations,Analyst,28739.0,4.0,1.0,3.0,No,15,No,Divorced,38,Chennai
EMP0269,55.0,Female,Sales,Analyst,67996.0,3.0,2.0,4.0,Yes,8,No,Married,38,Bangalore
EMP0270,38.0,Male,Sales,Lead,105486.0,1.0,1.0,3.0,No,18,Yes,Divorced,12,Mumbai
EMP0271,54.0,Female,Marketing,Lead,80236.0,5.0,2.0,4.0,No,2,No,Divorced,9,Delhi
EMP0272,57.0,Male,HR,Engineer,40659.0,2.0,,2.0,Yes,1,No,Single,60,Bangalore
EMP0273,30.0,Female,IT,Lead,26783.0,1.0,4.0,5.0,No,17,No,Married,71,Mumbai
EMP0274,21.0,Female,HR,Engineer,37613.0,2.0,5.0,5.0,Yes,3,Yes,Married,73,Hyderabad
EMP0275,47.0,Female,Finance,Lead,81646.0,5.0,5.0,4.0,Yes,5,No,Married,23,Delhi
EMP0276,46.0,Male,Finance,Analyst,108507.0,2.0,1.0,4.0,No,11,Yes,Married,43,Hyderabad
EMP0277,38.0,Female,Operations,Lead,30873.0,2.0,2.0,3.0,No,10,No,Divorced,58,Delhi
EMP0278,26.0,Male,Finance,Executive,71368.0,4.0,5.0,3.0,Yes,16,Yes,Single,44,Delhi
EMP0279,46.0,Male,Marketing,Associate,21794.0,2.0,2.0,2.0,Yes,7,Yes,Married,11,Hyderabad
EMP0280,33.0,Female,IT,Engineer,84207.0,4.0,1.0,1.0,Yes,11,No,Divorced,62,Bangalore
EMP0281,51.0,Female,IT,Executive,51903.0,1.0,3.0,1.0,No,1,Yes,Divorced,32,Bangalore
EMP0282,35.0,Male,IT,Lead,71674.0,5.0,1.0,1.0,No,4,Yes,Divorced,6,Bangalore
EMP0283,37.0,Female,Operations,Lead,102245.0,3.0,4.0,4.0,No,14,No,Single,64,Hyderabad
EMP0284,,Female,Marketing,Manager,18963.0,5.0,3.0,5.0,No,9,Yes,Married,13,Hyderabad
EMP0285,38.0,Female,IT,Analyst,103998.0,3.0,2.0,2.0,Yes,1,No,Divorced,45,Bangalore
EMP0286,22.0,Female,IT,Analyst,72862.0,4.0,4.0,1.0,Yes,10,Yes,Divorced,73,Mumbai
EMP0287,43.0,Female,Sales,Lead,91170.0,2.0,3.0,1.0,No,4,No,Divorced,76,Bangalore
EMP0288,42.0,Male,Sales,Analyst,47272.0,3.0,4.0,3.0,No,8,No,Married,20,Mumbai
EMP0289,24.0,Male,Finance,Executive,83598.0,1.0,4.0,5.0,No,13,Yes,Single,22,Bangalore
EMP0290,42.0,Female,Marketing,Engineer,36772.0,3.0,2.0,1.0,No,10,Yes,Married,12,Chennai
EMP0291,49.0,Female,Sales,Executive,93534.0,2.0,4.0,1.0,Yes,19,No,Divorced,59,Mumbai
EMP0292,48.0,Female,Finance,Manager,22944.0,,2.0,3.0,Yes,10,Yes,Single,5,Bangalore
EMP0293,35.0,Female,IT,Executive,31462.0,4.0,5.0,5.0,No,5,Yes,Single,43,Hyderabad
EMP0294,50.0,Female,Finance,Lead,35536.0,3.0,,3.0,Yes,5,No,Single,34,Bangalore
EMP0295,29.0,Male,Operations,Manager,95292.0,5.0,2.0,1.0,No,20,Yes,Married,37,Delhi
EMP0296,,Male,Operations,Manager,103664.0,1.0,1.0,1.0,No,14,No,Single,75,Hyderabad
EMP0297,51.0,Male,Sales,Lead,107881.0,1.0,3.0,,Yes,16,No,Divorced,22,Mumbai
EMP0298,27.0,Male,IT,Manager,31928.0,4.0,2.0,5.0,Yes,8,Yes,Married,57,Hyderabad
EMP0299,31.0,Male,Marketing,Engineer,45222.0,4.0,3.0,2.0,Yes,0,Yes,Single,78,Mumbai
EMP0300,30.0,Male,Marketing,Manager,112838.0,1.0,3.0,2.0,No,9,No,Married,11,Chennai
EMP0301,32.0,Male,IT,Analyst,106705.0,3.0,4.0,1.0,Yes,1,Yes,Single,26,Hyderabad
EMP0302,43.0,Female,Marketing,Analyst,114084.0,1.0,3.0,3.0,Yes,3,No,Married,63,Hyderabad
EMP0303,,Female,Finance,Lead,39860.0,1.0,2.0,,Yes,3,No,Divorced,66,Delhi
EMP0304,49.0,Male,Marketing,Engineer,65002.0,5.0,1.0,2.0,No,15,Yes,Married,61,Chennai
EMP0305,25.0,Female,Operations,Analyst,19620.0,5.0,5.0,5.0,Yes,10,Yes,Married,36,Mumbai
EMP0306,43.0,Female,Sales,Associate,98335.0,1.0,1.0,2.0,No,15,Yes,Single,67,Hyderabad
EMP0307,36.0,Female,IT,Manager,84444.0,2.0,5.0,4.0,No,7,Yes,Married,61,Delhi
EMP0308,49.0,Male,Finance,Engineer,59426.0,1.0,4.0,1.0,Yes,12,No,Single,76,Delhi
EMP0309,21.0,Male,Marketing,Associate,101563.0,3.0,5.0,5.0,Yes,20,No,Married,51,Chennai
EMP0310,35.0,Female,IT,Associate,118586.0,,5.0,4.0,No,14,Yes,Single,33,Chennai
EMP0311,42.0,Female,Operations,Analyst,89786.0,5.0,3.0,1.0,Yes,5,No,Single,57,Chennai
EMP0312,37.0,Male,Sales,Manager,69497.0,2.0,4.0,2.0,No,3,No,Single,80,Chennai
EMP0313,49.0,Female,Operations,Associate,,2.0,4.0,1.0,Yes,17,No,Divorced,66,Delhi
EMP0314,,Male,Operations,Executive,31573.0,4.0,5.0,5.0,No,16,No,Married,36,Hyderabad
EMP0315,46.0,Female,IT,Engineer,35481.0,2.0,4.0,5.0,No,17,No,Divorced,75,Bangalore
EMP0316,33.0,Male,Marketing,Lead,56086.0,3.0,2.0,2.0,No,3,No,Divorced,66,Delhi
EMP0317,57.0,Female,Operations,Lead,87979.0,3.0,4.0,1.0,Yes,0,No,Single,11,Chennai
EMP0318,33.0,Female,Sales,Analyst,107573.0,3.0,2.0,1.0,No,6,Yes,Married,62,Chennai
EMP0319,56.0,Male,Operations,Lead,91566.0,4.0,2.0,5.0,No,1,No,Married,58,Hyderabad
EMP0320,56.0,Male,HR,Lead,50943.0,2.0,5.0,4.0,Yes,20,No,Divorced,74,Delhi
EMP0321,33.0,Male,IT,Engineer,41255.0,1.0,2.0,2.0,Yes,12,Yes,Married,40,Delhi
EMP0322,37.0,Male,Sales,Associate,51425.0,1.0,3.0,4.0,Yes,1,Yes,Married,11,Delhi
EMP0323,40.0,Female,Marketing,Associate,64934.0,1.0,3.0,5.0,Yes,5,Yes,Divorced,25,Mumbai
EMP0324,55.0,Female,HR,Analyst,,2.0,3.0,3.0,No,9,Yes,Divorced,72,Mumbai
EMP0325,56.0,Male,HR,Lead,63351.0,4.0,2.0,5.0,Yes,1,No,Married,19,Mumbai
EMP0326,37.0,Female,HR,Associate,118990.0,3.0,5.0,5.0,No,15,Yes,Married,29,Hyderabad
EMP0327,,Male,HR,Executive,119360.0,5.0,5.0,1.0,Yes,6,Yes,Divorced,59,Chennai
EMP0328,34.0,Female,Operations,Manager,115896.0,2.0,1.0,4.0,No,1,Yes,Single,11,Bangalore
EMP0329,37.0,Male,Marketing,Executive,51901.0,4.0,4.0,4.0,No,13,No,Single,54,Chennai
EMP0330,55.0,Male,Operations,Lead,99048.0,1.0,5.0,1.0,Yes,11,Yes,Married,43,Delhi
EMP0331,26.0,Female,Finance,Engineer,69788.0,1.0,4.0,2.0,Yes,4,No,Divorced,42,Bangalore
EMP0332,40.0,Female,HR,Associate,90754.0,2.0,1.0,1.0,Yes,18,No,Divorced,75,Chennai
EMP0333,40.0,Male,Operations,Lead,113150.0,3.0,2.0,4.0,Yes,5,Yes,Single,37,Bangalore
EMP0334,28.0,Male,Operations,Associate,25128.0,5.0,4.0,5.0,Yes,9,Yes,Married,17,Bangalore
EMP0335,58.0,Female,IT,Analyst,34805.0,2.0,1.0,3.0,Yes,6,No,Married,62,Hyderabad
EMP0336,40.0,Male,Marketing,Associate,65774.0,3.0,4.0,2.0,Yes,10,Yes,Single,60,Hyderabad
EMP0337,44.0,Male,Operations,Lead,61458.0,4.0,4.0,4.0,No,9,No,Divorced,18,Bangalore
EMP0338,26.0,Female,Sales,Associate,43746.0,3.0,1.0,1.0,Yes,16,Yes,Divorced,79,Mumbai
EMP0339,58.0,Male,HR,Associate,52159.0,5.0,5.0,4.0,Yes,11,No,Single,80,Hyderabad
EMP0340,29.0,Female,Marketing,Associate,29869.0,4.0,3.0,5.0,Yes,7,Yes,Divorced,22,Mumbai
EMP0341,31.0,Male,Marketing,Associate,104430.0,2.0,4.0,3.0,Yes,7,No,Single,13,Hyderabad
EMP0342,44.0,Male,HR,Lead,45102.0,5.0,3.0,4.0,No,14,Yes,Single,46,Chennai
EMP0343,54.0,Female,Operations,Analyst,93842.0,5.0,5.0,2.0,No,20,No,Married,80,Chennai
EMP0344,54.0,Female,Finance,Executive,85681.0,4.0,3.0,3.0,No,15,Yes,Divorced,22,Mumbai
EMP0345,31.0,Male,HR,Associate,102341.0,3.0,2.0,2.0,Yes,5,No,Divorced,20,Bangalore
EMP0346,47.0,Female,Operations,Manager,81113.0,4.0,4.0,2.0,Yes,20,No,Single,36,Chennai
EMP0347,29.0,Male,Sales,Lead,85193.0,1.0,5.0,2.0,Yes,5,No,Single,71,Mumbai
EMP0348,57.0,Male,Operations,Lead,104736.0,3.0,1.0,2.0,No,19,No,Married,26,Bangalore
EMP0349,47.0,Male,Marketing,Executive,99685.0,5.0,3.0,2.0,No,14,Yes,Single,53,Mumbai
EMP0350,29.0,Male,HR,Executive,86512.0,5.0,4.0,2.0,Yes,5,No,Divorced,9,Delhi
EMP0351,53.0,Male,HR,Engineer,104427.0,2.0,5.0,5.0,Yes,20,No,Divorced,58,Hyderabad
EMP0352,23.0,Female,Sales,Engineer,118751.0,4.0,3.0,5.0,Yes,13,Yes,Married,66,Bangalore
EMP0353,26.0,Female,Marketing,Associate,71562.0,3.0,2.0,1.0,Yes,18,Yes,Divorced,5,Mumbai
EMP0354,34.0,Female,Finance,Analyst,31970.0,2.0,4.0,5.0,No,8,No,Divorced,51,Delhi
EMP0355,38.0,Female,Sales,Engineer,90365.0,,4.0,2.0,No,17,No,Married,44,Delhi
EMP0356,43.0,Female,Operations,Executive,104413.0,1.0,2.0,4.0,Yes,3,Yes,Divorced,56,Hyderabad
EMP0357,56.0,Male,Sales,Engineer,101345.0,1.0,,2.0,No,19,No,Single,13,Hyderabad
EMP0358,35.0,Female,HR,Associate,22948.0,4.0,4.0,5.0,No,19,Yes,Single,68,Mumbai
EMP0359,21.0,Male,Operations,Associate,55487.0,2.0,1.0,5.0,Yes,19,Yes,Divorced,9,Hyderabad
EMP0360,36.0,Male,Sales,Manager,54167.0,4.0,3.0,4.0,No,18,Yes,Divorced,6,Chennai
EMP0361,26.0,Female,Operations,Associate,94406.0,3.0,3.0,3.0,Yes,19,Yes,Married,56,Delhi
EMP0362,21.0,Female,Sales,Engineer,84353.0,1.0,5.0,1.0,No,10,Yes,Divorced,37,Delhi
EMP0363,57.0,Female,Operations,Engineer,67424.0,5.0,4.0,2.0,No,14,No,Divorced,8,Mumbai
EMP0364,28.0,Female,HR,Engineer,101055.0,2.0,2.0,3.0,No,11,Yes,Divorced,38,Bangalore
EMP0365,39.0,Male,Finance,Lead,116145.0,3.0,1.0,5.0,Yes,15,No,Married,32,Delhi
EMP0366,38.0,Male,Operations,Lead,42925.0,4.0,2.0,2.0,Yes,8,Yes,Single,30,Bangalore
EMP0367,43.0,Male,HR,Manager,28287.0,4.0,5.0,1.0,Yes,15,No,Divorced,45,Mumbai
EMP0368,57.0,Female,Finance,Executive,118173.0,5.0,3.0,4.0,Yes,18,Yes,Single,72,Mumbai
EMP0369,51.0,Male,Marketing,Analyst,,2.0,4.0,1.0,No,10,Yes,Single,31,Mumbai
EMP0370,58.0,Male,IT,Analyst,98318.0,3.0,2.0,5.0,No,7,No,Married,48,Hyderabad
EMP0371,32.0,Female,Finance,Executive,72931.0,3.0,3.0,4.0,No,14,Yes,Divorced,21,Delhi
EMP0372,35.0,Male,Operations,Analyst,48907.0,5.0,4.0,4.0,Yes,4,Yes,Married,6,Bangalore
EMP0373,47.0,Female,Sales,Lead,85765.0,5.0,3.0,4.0,No,8,Yes,Married,17,Bangalore
EMP0374,24.0,Male,IT,Engineer,100557.0,1.0,4.0,,No,11,No,Divorced,76,Hyderabad
EMP0375,43.0,Male,Finance,Manager,64018.0,5.0,2.0,5.0,Yes,9,No,Married,70,Mumbai
EMP0376,49.0,Male,Finance,Associate,55555.0,4.0,,2.0,No,13,No,Single,15,Bangalore
EMP0377,42.0,Male,IT,Analyst,103591.0,3.0,3.0,,No,8,No,Married,80,Delhi
EMP0378,49.0,Female,Sales,Executive,21027.0,2.0,2.0,3.0,Yes,6,Yes,Married,18,Chennai
EMP0379,25.0,Female,Marketing,Manager,21455.0,4.0,5.0,1.0,Yes,8,Yes,Single,54,Hyderabad
EMP0380,35.0,Male,Operations,Analyst,76085.0,2.0,2.0,5.0,Yes,0,Yes,Divorced,50,Hyderabad
EMP0381,51.0,Female,Marketing,Analyst,89898.0,4.0,2.0,5.0,Yes,18,No,Divorced,77,Mumbai
EMP0382,54.0,Female,IT,Engineer,88735.0,2.0,1.0,4.0,No,11,No,Married,24,Hyderabad
EMP0383,21.0,Male,Marketing,Executive,63073.0,3.0,4.0,5.0,Yes,15,No,Married,6,Mumbai
EMP0384,39.0,Male,HR,Associate,66974.0,2.0,4.0,5.0,No,12,Yes,Single,54,Mumbai
EMP0385,35.0,Female,HR,Engineer,99962.0,2.0,5.0,5.0,No,9,No,Married,29,Chennai
EMP0386,32.0,Male,IT,Manager,101478.0,4.0,5.0,4.0,No,19,No,Single,46,Chennai
EMP0387,30.0,Male,Marketing,Manager,42371.0,1.0,3.0,3.0,Yes,14,Yes,Single,16,Bangalore
EMP0388,21.0,Female,Sales,Analyst,73082.0,3.0,4.0,3.0,No,1,No,Single,23,Chennai
EMP0389,38.0,Female,HR,Associate,79623.0,2.0,2.0,3.0,No,0,Yes,Divorced,36,Mumbai
EMP0390,49.0,Male,Operations,Manager,44106.0,,1.0,5.0,Yes,15,No,Divorced,44,Hyderabad
EMP0391,31.0,Male,Operations,Associate,86278.0,1.0,3.0,4.0,No,6,No,Single,32,Chennai
EMP0392,36.0,Female,IT,Manager,39936.0,3.0,5.0,1.0,No,7,Yes,Single,79,Mumbai
EMP0393,30.0,Female,HR,Executive,38669.0,4.0,1.0,5.0,No,20,Yes,Single,50,Bangalore
EMP0394,55.0,Male,Sales,Engineer,48497.0,3.0,,3.0,No,6,Yes,Divorced,53,Hyderabad
EMP0395,29.0,Female,HR,Engineer,110618.0,4.0,5.0,3.0,No,6,Yes,Divorced,49,Hyderabad
EMP0396,50.0,Female,Marketing,Associate,39016.0,1.0,5.0,2.0,No,9,No,Divorced,51,Mumbai
EMP0397,21.0,Female,Operations,Executive,20453.0,5.0,3.0,5.0,Yes,10,Yes,Divorced,73,Mumbai
EMP0398,33.0,Female,Marketing,Executive,98352.0,3.0,3.0,4.0,No,3,Yes,Divorced,13,Chennai
EMP0399,29.0,Male,HR,Executive,32031.0,4.0,2.0,1.0,Yes,18,No,Divorced,67,Delhi
EMP0400,58.0,Female,HR,Analyst,46930.0,5.0,1.0,1.0,Yes,20,No,Single,64,Chennai
EMP0401,44.0,Female,IT,Lead,25641.0,5.0,3.0,5.0,Yes,2,No,Single,32,Delhi
EMP0402,27.0,Male,Operations,Executive,87685.0,4.0,2.0,2.0,Yes,18,Yes,Divorced,76,Mumbai
EMP0403,27.0,Female,Operations,Engineer,110084.0,4.0,1.0,2.0,Yes,17,No,Divorced,48,Bangalore
EMP0404,55.0,Female,IT,Analyst,90100.0,3.0,3.0,4.0,No,10,Yes,Divorced,74,Bangalore
EMP0405,,Female,IT,Engineer,76654.0,4.0,1.0,1.0,No,19,Yes,Divorced,22,Hyderabad
EMP0406,21.0,Female,Sales,Executive,59275.0,1.0,3.0,5.0,Yes,3,Yes,Married,50,Bangalore
EMP0407,,Female,IT,Associate,50749.0,2.0,3.0,3.0,Yes,18,No,Divorced,32,Chennai
EMP0408,41.0,Female,Sales,Engineer,108386.0,5.0,1.0,5.0,No,1,No,Single,12,Hyderabad
EMP0409,43.0,Female,Finance,Manager,118976.0,2.0,,1.0,No,1,No,Divorced,10,Hyderabad
EMP0410,55.0,Male,IT,Associate,109457.0,2.0,2.0,1.0,No,14,Yes,Single,60,Hyderabad
EMP0411,46.0,Male,Sales,Analyst,28819.0,4.0,5.0,1.0,No,8,Yes,Married,69,Mumbai
EMP0412,29.0,Male,Finance,Associate,43966.0,4.0,4.0,5.0,Yes,17,Yes,Single,14,Hyderabad
EMP0413,48.0,Female,Operations,Associate,29743.0,1.0,4.0,4.0,No,11,Yes,Married,49,Delhi
EMP0414,22.0,Female,Sales,Analyst,98769.0,4.0,5.0,2.0,No,1,Yes,Single,52,Bangalore
EMP0415,26.0,Male,Operations,Manager,49856.0,5.0,,3.0,Yes,10,Yes,Married,62,Mumbai
EMP0416,22.0,Female,Sales,Lead,88517.0,2.0,2.0,5.0,No,17,No,Divorced,23,Chennai
EMP0417,45.0,Male,IT,Executive,25878.0,3.0,2.0,5.0,No,1,No,Divorced,6,Chennai
EMP0418,45.0,Female,Operations,Lead,65214.0,1.0,1.0,3.0,No,7,No,Divorced,17,Hyderabad
EMP0419,52.0,Male,Sales,Executive,83621.0,4.0,5.0,1.0,Yes,7,No,Married,67,Mumbai
EMP0420,31.0,Male,IT,Lead,64125.0,3.0,3.0,2.0,No,1,No,Married,8,Delhi
EMP0421,38.0,Male,Sales,Analyst,69491.0,2.0,,4.0,Yes,13,Yes,Divorced,24,Mumbai
EMP0422,40.0,Female,Finance,Associate,35271.0,2.0,2.0,5.0,Yes,4,No,Divorced,72,Bangalore
EMP0423,48.0,Male,Operations,Associate,38715.0,3.0,1.0,5.0,Yes,5,No,Single,8,Hyderabad
EMP0424,47.0,Female,IT,Engineer,115728.0,3.0,2.0,2.0,Yes,4,Yes,Single,39,Delhi
EMP0425,57.0,Male,Marketing,Executive,48266.0,1.0,3.0,1.0,No,4,No,Divorced,52,Bangalore
EMP0426,45.0,Female,Finance,Executive,39467.0,2.0,2.0,1.0,No,0,No,Married,33,Bangalore
EMP0427,34.0,Male,Sales,Engineer,98879.0,4.0,3.0,4.0,Yes,13,No,Single,53,Hyderabad
EMP0428,46.0,Male,Marketing,Manager,77193.0,4.0,1.0,2.0,No,1,No,Divorced,11,Bangalore
EMP0429,39.0,Female,Finance,Analyst,119407.0,3.0,4.0,,No,9,Yes,Divorced,71,Bangalore
EMP0430,50.0,Female,HR,Lead,83622.0,1.0,2.0,5.0,Yes,12,No,Married,62,Chennai
EMP0431,32.0,Female,Marketing,Lead,44467.0,4.0,1.0,3.0,No,20,Yes,Divorced,20,Chennai
EMP0432,28.0,Female,Operations,Analyst,29181.0,5.0,4.0,5.0,Yes,12,No,Single,26,Hyderabad
EMP0433,57.0,Male,Sales,Executive,41444.0,1.0,4.0,3.0,No,14,No,Divorced,28,Chennai
EMP0434,29.0,Male,HR,Associate,118321.0,3.0,1.0,4.0,No,15,Yes,Divorced,68,Bangalore
EMP0435,34.0,Female,Finance,Engineer,75917.0,1.0,5.0,5.0,Yes,7,No,Divorced,76,Bangalore
EMP0436,24.0,Male,Sales,Manager,103626.0,3.0,1.0,2.0,Yes,18,No,Married,16,Chennai
EMP0437,27.0,Female,Sales,Executive,106092.0,,5.0,5.0,Yes,14,No,Single,16,Hyderabad
EMP0438,,Female,Finance,Manager,117410.0,4.0,5.0,1.0,No,15,Yes,Single,40,Hyderabad
EMP0439,,Female,Marketing,Executive,109203.0,2.0,5.0,1.0,Yes,18,Yes,Married,41,Mumbai
EMP0440,41.0,Female,Marketing,Associate,99689.0,3.0,2.0,5.0,No,16,No,Married,28,Delhi
EMP0441,35.0,Female,Sales,Manager,33493.0,1.0,4.0,1.0,Yes,19,No,Married,10,Hyderabad
EMP0442,,Male,HR,Lead,44370.0,3.0,3.0,1.0,No,9,No,Single,19,Hyderabad
EMP0443,42.0,Female,Operations,Associate,98739.0,1.0,2.0,2.0,No,10,No,Married,9,Bangalore
EMP0444,51.0,Male,Operations,Engineer,88381.0,3.0,4.0,4.0,Yes,16,No,Divorced,45,Delhi
EMP0445,55.0,Male,Sales,Associate,107848.0,3.0,3.0,1.0,Yes,8,Yes,Married,53,Delhi
EMP0446,31.0,Female,Sales,Associate,33315.0,3.0,3.0,1.0,No,13,Yes,Married,35,Hyderabad
EMP0447,49.0,Female,Sales,Associate,57625.0,2.0,1.0,,Yes,6,Yes,Married,69,Chennai
EMP0448,51.0,Male,Sales,Analyst,81369.0,5.0,3.0,3.0,Yes,3,Yes,Single,9,Mumbai
EMP0449,45.0,Male,HR,Analyst,23771.0,5.0,1.0,3.0,No,1,Yes,Divorced,44,Chennai
EMP0450,57.0,Female,Operations,Executive,60058.0,2.0,2.0,3.0,No,17,No,Married,20,Hyderabad
EMP0451,30.0,Male,IT,Manager,19999.0,5.0,5.0,5.0,Yes,6,No,Divorced,45,Hyderabad
EMP0452,30.0,Female,Marketing,Executive,40449.0,1.0,3.0,5.0,No,17,No,Single,21,Chennai
EMP0453,51.0,Male,HR,Engineer,25051.0,1.0,4.0,4.0,Yes,19,No,Divorced,50,Hyderabad
EMP0454,42.0,Male,Operations,Lead,87924.0,,4.0,5.0,Yes,2,No,Single,63,Hyderabad
EMP0455,50.0,Female,Sales,Executive,36837.0,5.0,3.0,3.0,No,5,No,Married,63,Mumbai
EMP0456,22.0,Male,Finance,Manager,,4.0,4.0,2.0,No,11,Yes,Divorced,18,Mumbai
EMP0457,27.0,Female,Marketing,Lead,27296.0,3.0,5.0,,No,18,No,Single,36,Delhi
EMP0458,31.0,Female,Finance,Manager,62658.0,2.0,5.0,4.0,No,18,No,Divorced,35,Bangalore
EMP0459,25.0,Female,HR,Associate,96128.0,4.0,3.0,5.0,Yes,14,Yes,Married,56,Chennai
EMP0460,27.0,Female,IT,Engineer,102540.0,1.0,,2.0,Yes,18,Yes,Single,24,Mumbai
EMP0461,55.0,Female,Finance,Associate,93750.0,4.0,2.0,2.0,No,9,No,Married,49,Chennai
EMP0462,58.0,Male,Marketing,Associate,70978.0,2.0,3.0,1.0,No,17,Yes,Single,76,Hyderabad
EMP0463,28.0,Female,HR,Executive,74585.0,5.0,4.0,3.0,No,12,No,Married,74,Bangalore
EMP0464,,Female,Sales,Executive,90800.0,4.0,3.0,4.0,Yes,9,Yes,Single,6,Chennai
EMP0465,22.0,Male,Operations,Engineer,104235.0,4.0,2.0,1.0,Yes,20,No,Married,59,Delhi
EMP0466,32.0,Female,Marketing,Engineer,90358.0,4.0,4.0,3.0,Yes,5,No,Divorced,5,Delhi
EMP0467,52.0,Male,Operations,Associate,53291.0,4.0,5.0,5.0,No,1,Yes,Divorced,66,Hyderabad
EMP0468,28.0,Female,Operations,Manager,36623.0,5.0,3.0,,Yes,16,Yes,Single,65,Chennai
EMP0469,55.0,Female,Marketing,Manager,63029.0,5.0,1.0,4.0,No,16,No,Divorced,47,Mumbai
EMP0470,43.0,Female,IT,Executive,22630.0,5.0,3.0,5.0,No,1,No,Divorced,26,Delhi
EMP0471,24.0,Female,Operations,Associate,21578.0,3.0,4.0,1.0,Yes,16,Yes,Married,37,Bangalore
EMP0472,38.0,Female,IT,Manager,115180.0,1.0,5.0,2.0,Yes,14,No,Single,38,Bangalore
EMP0473,52.0,Male,Marketing,Manager,62937.0,1.0,2.0,5.0,Yes,15,No,Married,35,Mumbai
EMP0474,31.0,Male,Marketing,Lead,63229.0,1.0,3.0,1.0,Yes,5,No,Married,65,Hyderabad
EMP0475,51.0,Male,Finance,Lead,110485.0,4.0,4.0,,Yes,16,No,Single,41,Mumbai
EMP0476,45.0,Female,Marketing,Lead,,1.0,5.0,3.0,No,19,No,Married,39,Hyderabad
EMP0477,27.0,Female,Operations,Associate,69269.0,4.0,2.0,5.0,Yes,16,No,Divorced,28,Hyderabad
EMP0478,56.0,Male,Operations,Manager,26906.0,1.0,4.0,1.0,Yes,14,No,Single,41,Hyderabad
EMP0479,33.0,Male,HR,Associate,30050.0,1.0,5.0,2.0,Yes,3,Yes,Divorced,21,Mumbai
EMP0480,57.0,Male,HR,Lead,42151.0,3.0,3.0,4.0,Yes,20,No,Married,59,Hyderabad
EMP0481,37.0,Male,HR,Analyst,119856.0,1.0,4.0,4.0,No,1,No,Married,27,Mumbai
EMP0482,25.0,Female,Sales,Associate,69463.0,2.0,4.0,1.0,Yes,17,No,Single,18,Mumbai
EMP0483,37.0,Male,HR,Manager,27229.0,5.0,3.0,4.0,Yes,15,Yes,Divorced,5,Chennai
EMP0484,45.0,Female,Sales,Lead,61231.0,4.0,5.0,1.0,No,15,No,Married,13,Delhi
EMP0485,35.0,Male,Finance,Lead,81185.0,1.0,5.0,,No,10,No,Married,12,Chennai
EMP0486,44.0,Female,HR,Engineer,117674.0,3.0,2.0,2.0,Yes,12,Yes,Married,54,Chennai
EMP0487,43.0,Female,HR,Lead,75407.0,2.0,2.0,1.0,Yes,0,Yes,Married,54,Chennai
EMP0488,,Female,Finance,Associate,76891.0,1.0,1.0,3.0,Yes,10,Yes,Married,20,Bangalore
EMP0489,54.0,Female,Operations,Associate,37523.0,5.0,2.0,1.0,Yes,4,No,Divorced,7,Mumbai
EMP0490,23.0,Male,Operations,Lead,35109.0,1.0,2.0,1.0,No,3,No,Divorced,26,Delhi
EMP0491,25.0,Male,HR,Engineer,95984.0,5.0,2.0,1.0,Yes,13,No,Divorced,56,Hyderabad
EMP0492,28.0,Male,IT,Executive,118168.0,1.0,5.0,2.0,No,2,Yes,Married,23,Mumbai
EMP0493,31.0,Female,Marketing,Executive,75496.0,2.0,5.0,1.0,Yes,3,No,Single,7,Mumbai
EMP0494,26.0,Male,HR,Executive,29683.0,5.0,3.0,4.0,No,4,Yes,Single,39,Delhi
EMP0495,49.0,Female,Sales,Executive,98024.0,1.0,5.0,2.0,No,19,Yes,Divorced,43,Hyderabad
EMP0496,47.0,Male,Marketing,Executive,43153.0,1.0,5.0,1.0,No,17,Yes,Married,31,Hyderabad
EMP0497,,Male,HR,Executive,107816.0,4.0,4.0,2.0,Yes,1,Yes,Divorced,51,Hyderabad
EMP0498,34.0,Female,IT,Analyst,98847.0,4.0,1.0,1.0,Yes,17,Yes,Single,8,Mumbai
EMP0499,53.0,Male,HR,Executive,112555.0,4.0,5.0,5.0,No,13,Yes,Divorced,46,Bangalore
EMP0500,28.0,Female,Sales,Manager,,4.0,2.0,4.0,Yes,2,No,Divorced,67,Chennai
